,AUC,ACC,MaTT
0,0.6268528788664889,0.5884662576687116,0.17717324974906978
