,AUC,ACC,MaTT
0,0.6272602484495223,0.5830316195993241,0.1678332607842099
