,AUC,ACC,MaTT
0,0.6320744000603264,0.5915253116423635,0.18348403976483094
